Model,CV AUC Mean,CV AUC Std,CV F1 Mean,CV F1 Std,CV AUC,CV F1
Majority Class Baseline,0.5,0.0,0.4625744164291044,4.514903288557193e-05,0.5 ± 0.0,0.463 ± 0.0
Logistic Regression,0.7727471993896584,0.004737148281384721,0.6241328750142412,0.0038571201529792203,0.773 ± 0.005,0.624 ± 0.004
Random Forest,0.7846280084210322,0.007822435566953828,0.6603757596621115,0.014805652502391407,0.785 ± 0.008,0.66 ± 0.015
XGBoost,0.8218679649001489,0.006645380946909497,0.6686259725884887,0.007168209131739589,0.822 ± 0.007,0.669 ± 0.007
"MLP 5a (SGD, all features)",0.7047618831064361,0.04466908812517266,0.5064103399160107,0.050103745566845916,0.705 ± 0.045,0.506 ± 0.05
"MLP 5b (Adam, all features)",0.7545869479839746,0.02371604585224715,0.5829839728529403,0.04472159279276376,0.755 ± 0.024,0.583 ± 0.045
"MLP 5c (SGD, tabular only)",0.7950732820421471,0.011445469382103732,0.6263778727066288,0.01999281031279464,0.795 ± 0.011,0.626 ± 0.02
