Model,CV AUC Mean,CV AUC Std,CV F1 Mean,CV F1 Std,CV AUC,CV F1
Majority Class Baseline,0.5,0.0,0.4625744164291044,4.514903288557193e-05,0.5 ± 0.0,0.463 ± 0.0
Logistic Regression,0.7727471993896584,0.004737148281384721,0.6241328750142412,0.0038571201529792203,0.773 ± 0.005,0.624 ± 0.004
Random Forest,0.7846280084210322,0.007822435566953828,0.6603757596621115,0.014805652502391407,0.785 ± 0.008,0.66 ± 0.015
MLP Neural Network,0.770724935360511,0.007047171954183985,0.5902334097235198,0.011331655128677018,0.771 ± 0.007,0.59 ± 0.011
